lead_id,enquiry_date,contact_name,phone,email,company_name,entity_type,industry,city,annual_turnover_band,service_category,sub_service_interest,sub_service_id,urgency,existing_ca_status,preferred_contact_mode,preferred_contact_time,notes,consent_to_contact,source,capture_method,chatbot_completion,status,last_contact_date,assigned_to,estimated_value_inr
LD001,2026-05-21,Ishita Malhotra,+91 945970440,ishita.malhotra@gmail.com,-,Individual / HUF,Professional Services,Faridabad,NA (Individual),GST,GST Registration,SS0201,This month,Prefer not to say,Phone call,Afternoon (1pm - 5pm),"Starting e-commerce sales, told registration is mandatory",Yes,Referral,Phone Call,NA,Converted,2026-06-18,Satyam Gahoi,4500
LD002,2026-07-20,Swati Bansal,+91 912012664,swati.bansal@saarthi.co.in,Saarthi Retail,Partnership,E-commerce & D2C,Gurugram,2Cr - 10Cr,Incorporation,Startup India Recognition,SS0405,This quarter,"Have a CA, need a second opinion",Email,Evening (5pm - 8pm),"Applying for a government tender, needs startup recognition",Yes,Website Direct,Website Chatbot,Complete,New,,,32000
LD003,2026-07-18,Sunita Aggarwal,+91 927550067,sunita.aggarwal@lodestar.co.in,Lodestar Technologies,LLP,Hospitality,Gurugram,Under 50L,GST,GST Registration,SS0201,This quarter,Prefer not to say,WhatsApp,Evening (5pm - 8pm),"Crossed the turnover threshold last quarter, needs to register",Yes,Website Direct,Phone Call,NA,New,,,4500
LD004,2026-06-19,Sneha Malhotra,+91 911474988,sneha.malhotra@ironwood.co.in,Ironwood Labs,LLP,Professional Services,Greater Noida,,Taxation,Income Tax Return Filing,SS0101,,,,,,Yes,Google Search,Website Chatbot,Partial,Contacted,2026-07-03,Satyam Gahoi,9000
LD005,2026-06-28,Gaurav Chopra,+91 971008457,gaurav.chopra@orbit.co.in,Orbit Solutions,Private Limited,Retail & Trading,Ghaziabad,Under 50L,Bookkeeping,Payroll Processing,SS0303,This month,Prefer not to say,WhatsApp,Morning (10am - 1pm),"Team of 22, payroll and PF are taking too much of my time",Yes,Referral,Website Chatbot,Complete,Converted,2026-07-24,Neha Bansal,21000
LD006,2026-06-03,Anjali Sharma,+91 972933361,anjali.sharma@udaan.co.in,Udaan Solutions,Private Limited,Real Estate,Noida,Under 50L,Incorporation,ROC Annual Filings,SS0403,Just exploring,"Have a CA, need a second opinion",Phone call,Morning (10am - 1pm),"Missed last year's ROC filing, worried about penalties",Yes,Website Direct,Website Chatbot,Complete,Lost,2026-06-14,Satyam Gahoi,13500
LD007,2026-07-21,Mohit Tandon,+91 931324785,mohit.tandon@prakhar.co.in,Prakhar Logistics,Partnership,Hospitality,Gurugram,Under 50L,GST,Monthly / Quarterly GST Returns,SS0202,Immediate (deadline within 15 days),Prefer not to say,Phone call,Morning (10am - 1pm),"Multi-state registration, unsure how returns work",Yes,Instagram,Phone Call,NA,Qualified,2026-07-28,Satyam Gahoi,22500
LD008,2026-05-28,Sandeep Tandon,+91 968030063,sandeep.tandon@pinewood.co.in,Pinewood Technologies,Partnership,Retail & Trading,Greater Noida,Under 50L,Taxation,Income Tax Notices & Assessments,SS0104,Immediate (deadline within 15 days),"Have a CA, considering a switch",Phone call,Morning (10am - 1pm),Scrutiny notice for AY 2024-25,Yes,Google Search,Website Chatbot,Complete,Qualified,2026-05-30,Ritika Sharma,21500
LD009,2026-05-27,Kavita Sharma,+91 935176837,kavita.sharma@ironwood.co.in,Ironwood Traders,Proprietorship,Education,Faridabad,50L - 2Cr,GST,GST Annual Return & Reconciliation,SS0203,This month,"Have a CA, considering a switch",WhatsApp,Evening (5pm - 8pm),"Turnover crossed 2 crore, told we need the annual return",Yes,Website Direct,Phone Call,NA,Converted,2026-06-12,Amit Verma,18500
LD010,2026-09-02,Tarun Singh,+91 973813673,tarun.singh@nimbus.co.in,Nimbus Traders,Private Limited,Healthcare,Faridabad,50L - 2Cr,GST,GST Annual Return & Reconciliation,SS0203,Immediate (deadline within 15 days),No CA currently,WhatsApp,Morning (10am - 1pm),"Turnover crossed 2 crore, told we need the annual return",Yes,Google Search,Phone Call,NA,Qualified,2026-09-15,Amit Verma,25000
LD011,2026-07-14,Akash Jain,+91 925523504,akash.jain@halcyon.co.in,Halcyon Systems,Private Limited,Logistics,Ghaziabad,50L - 2Cr,Virtual CFO,Fund-raise Support,SS0603,This quarter,Prefer not to say,WhatsApp,Afternoon (1pm - 5pm),"Raising from an angel network, no finance person in-house",Yes,Google Search,Website Contact Form,NA,Converted,2026-07-23,Satyam Gahoi,93000
LD012,2026-07-24,Divya Singh,+91 977870181,divya.singh@ironwood.co.in,Ironwood Infra,Proprietorship,Professional Services,Ghaziabad,2Cr - 10Cr,GST,ITC Review & GST Litigation Support,SS0205,This month,Prefer not to say,Phone call,Morning (10am - 1pm),"ITC mismatch of around 4 lakh, department has issued a notice",Yes,Referral,Phone Call,NA,Qualified,2026-08-11,Amit Verma,38000
LD013,2026-09-08,Vikram Sharma,+91 985180296,vikram.sharma@gmail.com,-,Individual / HUF,Professional Services,Greater Noida,NA (Individual),Bookkeeping,Payroll Processing,SS0303,Immediate (deadline within 15 days),"Have a CA, need a second opinion",WhatsApp,Morning (10am - 1pm),"Team of 22, payroll and PF are taking too much of my time",Yes,Instagram,Phone Call,NA,Contacted,2026-09-10,Satyam Gahoi,18000
LD014,2026-07-18,Vikram Arora,+91 910423884,vikram.arora@prakhar.co.in,Prakhar Interiors,Proprietorship,Education,Gurugram,2Cr - 10Cr,Virtual CFO,Fund-raise Support,SS0603,Immediate (deadline within 15 days),"Have a CA, need a second opinion",Email,Morning (10am - 1pm),"Pre-seed round, need a data room and financial model",Yes,Google Search,Website Chatbot,Complete,Converted,2026-08-05,Ritika Sharma,142000
LD015,2026-08-06,Harsh Aggarwal,+91 930566694,harsh.aggarwal@everline.co.in,Everline Traders,Proprietorship,Hospitality,Delhi,50L - 2Cr,Incorporation,Private Limited / OPC Registration,SS0401,This quarter,"Have a CA, need a second opinion",WhatsApp,Morning (10am - 1pm),"Two co-founders, want to register before raising a friends-and-family round",Yes,LinkedIn,Website Contact Form,NA,Converted,2026-08-26,Neha Bansal,21000
LD016,2026-09-15,Sneha Kapoor,+91 949173671,sneha.kapoor@sable.co.in,Sable Traders,Private Limited,Hospitality,Faridabad,Under 50L,Audit,Tax Audit u/s 44AB,SS0502,Just exploring,"Have a CA, need a second opinion",Email,Morning (10am - 1pm),"Turnover crossed 1 crore this year, told a tax audit applies",Yes,Instagram,Phone Call,NA,Converted,2026-09-15,Amit Verma,46500
LD017,2026-06-23,Sneha Singh,+91 979842165,sneha.singh@northgate.co.in,Northgate Exports,Proprietorship,Education,Ghaziabad,,Bookkeeping,Payroll Processing,SS0303,,,,,,No,Referral,Website Chatbot,Partial,Contacted,2026-07-12,Amit Verma,30000
LD018,2026-07-03,Sahil Sethi,+91 980478884,sahil.sethi@kalpvriksh.co.in,Kalpvriksh Infra,Proprietorship,E-commerce & D2C,Delhi,50L - 2Cr,Taxation,Income Tax Notices & Assessments,SS0104,Just exploring,No CA currently,Phone call,Afternoon (1pm - 5pm),Scrutiny notice for AY 2024-25,Yes,Instagram,Website Chatbot,Complete,New,,,22000
LD019,2026-07-22,Sunita Sethi,+91 914251366,sunita.sethi@gmail.com,-,Individual / HUF,Professional Services,Delhi,NA (Individual),Incorporation,Private Limited / OPC Registration,SS0401,Just exploring,"Have a CA, need a second opinion",WhatsApp,Morning (10am - 1pm),"Two co-founders, want to register before raising a friends-and-family round",Yes,Website Direct,Phone Call,NA,Contacted,2026-08-14,Satyam Gahoi,12500
LD020,2026-05-21,Swati Gupta,+91 997266179,swati.gupta@brightpath.co.in,Brightpath Traders,LLP,IT & Software,Noida,2Cr - 10Cr,GST,Monthly / Quarterly GST Returns,SS0202,Immediate (deadline within 15 days),No CA currently,Email,Evening (5pm - 8pm),Needs GSTR-1 and 3B from next quarter onward,Yes,LinkedIn,In Person,NA,Qualified,2026-06-05,Amit Verma,38500
LD021,2026-05-07,Akash Sharma,+91 976447033,akash.sharma@gmail.com,-,Individual / HUF,Professional Services,Noida,NA (Individual),GST,ITC Review & GST Litigation Support,SS0205,This quarter,No CA currently,Phone call,Evening (5pm - 8pm),"Show cause notice received, needs representation",Yes,Referral,Website Chatbot,Complete,Qualified,2026-05-08,Ritika Sharma,27000
LD022,2026-09-07,Ishita Gupta,+91 973496172,ishita.gupta@rivergate.co.in,Rivergate Traders,Partnership,Professional Services,Gurugram,Under 50L,Incorporation,Startup India Recognition,SS0405,Just exploring,No CA currently,WhatsApp,Morning (10am - 1pm),Wants DPIIT recognition for the tax holiday,Yes,Referral,Phone Call,NA,Contacted,2026-09-15,Neha Bansal,14500
LD023,2026-04-10,Mohit Bansal,+91 971800026,mohit.bansal@prakhar.co.in,Prakhar Technologies,Private Limited,Hospitality,Noida,Under 50L,Audit,Tax Audit u/s 44AB,SS0502,Immediate (deadline within 15 days),No CA currently,WhatsApp,Evening (5pm - 8pm),"Turnover crossed 1 crore this year, told a tax audit applies",Yes,Referral,Phone Call,NA,Qualified,2026-04-23,Ritika Sharma,42000
LD024,2026-05-17,Simran Rastogi,+91 945049786,simran.rastogi@kalpvriksh.co.in,Kalpvriksh Healthcare,Private Limited,Hospitality,Delhi,50L - 2Cr,Incorporation,Private Limited / OPC Registration,SS0401,Just exploring,No CA currently,Email,Evening (5pm - 8pm),"Two co-founders, want to register before raising a friends-and-family round",Yes,Google Search,Website Chatbot,Complete,Lost,2026-06-14,Satyam Gahoi,17500
LD025,2026-09-02,Sunita Chopra,+91 950629228,sunita.chopra@crestline.co.in,Crestline Solutions,Partnership,Manufacturing,Gurugram,2Cr - 10Cr,Audit,Statutory Audit,SS0501,This quarter,"Have a CA, need a second opinion",Email,Evening (5pm - 8pm),"Pvt Ltd since 2023, never had a statutory audit done",Yes,Referral,Phone Call,NA,Converted,2026-09-10,Neha Bansal,75500
LD026,2026-04-28,Tarun Rastogi,+91 960532258,tarun.rastogi@crestline.co.in,Crestline Ventures,Private Limited,Education,Ghaziabad,2Cr - 10Cr,Taxation,Income Tax Return Filing,SS0101,Just exploring,"Have a CA, need a second opinion",Email,Evening (5pm - 8pm),"Salaried with capital gains from a flat sale, first time using a CA",Yes,Instagram,Website Chatbot,Complete,Qualified,2026-05-08,Satyam Gahoi,17000
LD027,2026-08-04,Sahil Sethi,+91 942774668,sahil.sethi@apex.co.in,Apex Retail,Private Limited,Healthcare,Ghaziabad,,Incorporation,Startup India Recognition,SS0405,,,,,,No,Instagram,Website Chatbot,Partial,Contacted,2026-08-22,Amit Verma,36500
LD028,2026-09-06,Aditya Malhotra,+91 978056265,aditya.malhotra@orbit.co.in,Orbit Logistics,Proprietorship,Hospitality,Gurugram,10Cr+,Incorporation,LLP Registration,SS0402,This month,"Have a CA, need a second opinion",WhatsApp,Afternoon (1pm - 5pm),Asked whether LLP or Pvt Ltd is better for a services business,Yes,LinkedIn,Website Chatbot,Complete,Contacted,2026-09-13,Ritika Sharma,26500
LD029,2026-04-25,Nikhil Mehta,+91 977304700,nikhil.mehta@halcyon.co.in,Halcyon Exports,Private Limited,IT & Software,Faridabad,2Cr - 10Cr,Virtual CFO,Fund-raise Support,SS0603,This quarter,"Have a CA, need a second opinion",WhatsApp,Morning (10am - 1pm),"Raising from an angel network, no finance person in-house",Yes,Google Search,Phone Call,NA,Converted,2026-05-19,Satyam Gahoi,114000
LD030,2026-09-05,Karan Malhotra,+91 975790529,karan.malhotra@kalpvriksh.co.in,Kalpvriksh Infra,Partnership,IT & Software,Delhi,Under 50L,GST,GST Registration,SS0201,This month,"Have a CA, considering a switch",WhatsApp,Evening (5pm - 8pm),"Starting e-commerce sales, told registration is mandatory",Yes,Google Search,Website Chatbot,Complete,New,,,5500
LD031,2026-09-01,Mohit Aggarwal,+91 985703989,mohit.aggarwal@vertex.co.in,Vertex Traders,Private Limited,IT & Software,Noida,Under 50L,GST,Monthly / Quarterly GST Returns,SS0202,Immediate (deadline within 15 days),"Have a CA, considering a switch",WhatsApp,Evening (5pm - 8pm),Needs GSTR-1 and 3B from next quarter onward,Yes,Google Search,Phone Call,NA,Qualified,2026-09-15,Amit Verma,21000
LD032,2026-07-02,Akash Tandon,+91 946614972,akash.tandon@gmail.com,-,Individual / HUF,Professional Services,Faridabad,,Audit,Statutory Audit,SS0501,,,,,,Yes,Google Search,Website Chatbot,Partial,Contacted,2026-07-13,Neha Bansal,45500
LD033,2026-05-23,Arjun Sharma,+91 989841527,arjun.sharma@gmail.com,-,Individual / HUF,Professional Services,Gurugram,NA (Individual),Incorporation,Private Limited / OPC Registration,SS0401,This month,No CA currently,Phone call,Morning (10am - 1pm),"Comparing us against an online filing portal, asked why the fee differs",Yes,Google Search,Website Contact Form,NA,Converted,2026-06-18,Amit Verma,13500
LD034,2026-06-17,Kavita Mehta,+91 911320512,kavita.mehta@gmail.com,-,Individual / HUF,Professional Services,Gurugram,NA (Individual),Incorporation,LLP Registration,SS0402,This quarter,Prefer not to say,Email,Afternoon (1pm - 5pm),Asked whether LLP or Pvt Ltd is better for a services business,Yes,Google Search,Website Chatbot,Complete,Qualified,2026-07-07,Amit Verma,9000
LD035,2026-05-03,Pooja Jain,+91 994977888,pooja.jain@halcyon.co.in,Halcyon Industries,Private Limited,Education,Ghaziabad,50L - 2Cr,Incorporation,Private Limited / OPC Registration,SS0401,This quarter,No CA currently,Phone call,Afternoon (1pm - 5pm),Wants the company registered before the new financial year,Yes,Website Direct,Website Chatbot,Complete,Converted,2026-05-12,Satyam Gahoi,18500
LD036,2026-09-10,Manish Sethi,+91 951845385,manish.sethi@saarthi.co.in,Saarthi Healthcare,Proprietorship,IT & Software,Gurugram,Under 50L,GST,GST Registration,SS0201,Immediate (deadline within 15 days),"Have a CA, considering a switch",WhatsApp,Afternoon (1pm - 5pm),"Crossed the turnover threshold last quarter, needs to register",Yes,Website Direct,In Person,NA,Lost,2026-09-15,Satyam Gahoi,4500
LD037,2026-05-10,Varun Jain,+91 990299358,varun.jain@apex.co.in,Apex Enterprises,Proprietorship,Retail & Trading,Gurugram,2Cr - 10Cr,Bookkeeping,Financial Statement Preparation,SS0302,This quarter,"Have a CA, need a second opinion",Email,Evening (5pm - 8pm),Bank has asked for audited financials for a working capital limit,Yes,Walk-in,Website Contact Form,NA,Converted,2026-05-29,Amit Verma,31500
LD038,2026-06-21,Aditya Kapoor,+91 916145842,aditya.kapoor@gmail.com,-,Individual / HUF,Professional Services,Noida,,Incorporation,ROC Annual Filings,SS0403,,,,,,Yes,Website Direct,Website Chatbot,Partial,Contacted,2026-07-10,Amit Verma,12500
LD039,2026-07-01,Anjali Malhotra,+91 963963458,anjali.malhotra@kalpvriksh.co.in,Kalpvriksh Ventures,Partnership,Healthcare,Noida,Under 50L,Bookkeeping,Monthly Books Closure,SS0301,This quarter,"Have a CA, considering a switch",Email,Afternoon (1pm - 5pm),"In-house accountant resigned, books are two quarters behind",Yes,Website Direct,Website Contact Form,NA,New,,,26500
LD040,2026-08-11,Pooja Mehta,+91 914983094,pooja.mehta@cobalt.co.in,Cobalt Healthcare,LLP,Healthcare,Greater Noida,2Cr - 10Cr,Taxation,Income Tax Return Filing,SS0101,This quarter,"Have a CA, considering a switch",Email,Morning (10am - 1pm),Filed on my own last year and got a mismatch notice,Yes,Website Direct,Website Chatbot,Complete,Lost,2026-08-27,Satyam Gahoi,16500
LD041,2026-09-06,Harsh Gupta,+91 927833819,harsh.gupta@udaan.co.in,Udaan Ventures,Private Limited,Retail & Trading,Gurugram,50L - 2Cr,Bookkeeping,Monthly Books Closure,SS0301,Just exploring,"Have a CA, need a second opinion",WhatsApp,Afternoon (1pm - 5pm),"Currently on spreadsheets, want to move to proper books",Yes,Google Search,Website Chatbot,Complete,New,,,36500
LD042,2026-07-09,Gaurav Mehta,+91 946110408,gaurav.mehta@gmail.com,-,Individual / HUF,Professional Services,Ghaziabad,NA (Individual),Incorporation,Private Limited / OPC Registration,SS0401,This month,"Have a CA, considering a switch",Phone call,Evening (5pm - 8pm),Wants the company registered before the new financial year,Yes,Website Direct,Website Chatbot,Complete,Lost,2026-07-30,Neha Bansal,14000
LD043,2026-04-26,Ishita Sethi,+91 974551300,ishita.sethi@meridian.co.in,Meridian Solutions,Partnership,Education,Ghaziabad,2Cr - 10Cr,Taxation,Income Tax Return Filing,SS0101,Immediate (deadline within 15 days),No CA currently,WhatsApp,Morning (10am - 1pm),"Salaried with capital gains from a flat sale, first time using a CA",Yes,Website Direct,Phone Call,NA,Lost,2026-05-11,Ritika Sharma,14000
LD044,2026-08-24,Kavita Aggarwal,+91 966233293,kavita.aggarwal@gmail.com,-,Individual / HUF,Professional Services,Noida,NA (Individual),Taxation,Income Tax Return Filing,SS0101,Immediate (deadline within 15 days),No CA currently,Email,Morning (10am - 1pm),"Salaried with capital gains from a flat sale, first time using a CA",Yes,Google Search,Website Chatbot,Complete,Converted,2026-09-11,Satyam Gahoi,7500
LD045,2026-08-18,Karan Khanna,+91 921190694,karan.khanna@rivergate.co.in,Rivergate Retail,Proprietorship,IT & Software,Gurugram,Under 50L,Incorporation,Private Limited / OPC Registration,SS0401,Immediate (deadline within 15 days),"Have a CA, considering a switch",WhatsApp,Morning (10am - 1pm),"Two co-founders, want to register before raising a friends-and-family round",Yes,Google Search,In Person,NA,Contacted,2026-09-04,Amit Verma,18000
LD046,2026-08-24,Pooja Bansal,+91 986808135,pooja.bansal@pinewood.co.in,Pinewood Ventures,Private Limited,Manufacturing,Delhi,Under 50L,GST,Monthly / Quarterly GST Returns,SS0202,Just exploring,Prefer not to say,Phone call,Evening (5pm - 8pm),"Multi-state registration, unsure how returns work",Yes,LinkedIn,Website Chatbot,Complete,Converted,2026-09-15,Satyam Gahoi,20000
LD047,2026-07-28,Tarun Khanna,+91 929845661,tarun.khanna@udaan.co.in,Udaan Systems,Proprietorship,Hospitality,Ghaziabad,,Taxation,Income Tax Return Filing,SS0101,,,,,,No,Google Search,Website Chatbot,Partial,New,,,15500
LD048,2026-06-28,Sandeep Sethi,+91 959205129,sandeep.sethi@pinewood.co.in,Pinewood Interiors,LLP,Professional Services,Delhi,,GST,Monthly / Quarterly GST Returns,SS0202,,,,,,No,Referral,Website Chatbot,Partial,Lost,2026-07-04,Satyam Gahoi,37500
LD049,2026-08-24,Nikhil Arora,+91 963511993,nikhil.arora@anvaya.co.in,Anvaya Logistics,Private Limited,E-commerce & D2C,Greater Noida,,Incorporation,Private Limited / OPC Registration,SS0401,,,,,,No,Website Direct,Website Chatbot,Partial,Lost,2026-09-15,Satyam Gahoi,17000
LD050,2026-09-02,Gaurav Mehta,+91 955037832,gaurav.mehta@everline.co.in,Everline Foods,Proprietorship,IT & Software,Ghaziabad,Under 50L,Bookkeeping,Monthly Books Closure,SS0301,This month,"Have a CA, considering a switch",Phone call,Morning (10am - 1pm),"Currently on spreadsheets, want to move to proper books",Yes,Google Search,In Person,NA,New,,,31500
LD051,2026-08-11,Anjali Aggarwal,+91 960873883,anjali.aggarwal@halcyon.co.in,Halcyon Traders,Private Limited,Retail & Trading,Greater Noida,50L - 2Cr,Taxation,Income Tax Notices & Assessments,SS0104,Immediate (deadline within 15 days),"Have a CA, need a second opinion",Phone call,Afternoon (1pm - 5pm),Received a 143(1) intimation with a demand,Yes,Instagram,Phone Call,NA,Qualified,2026-08-24,Satyam Gahoi,22000
LD052,2026-06-08,Tarun Chopra,+91 920039918,tarun.chopra@prakhar.co.in,Prakhar Infra,Partnership,Real Estate,Gurugram,50L - 2Cr,Bookkeeping,Financial Statement Preparation,SS0302,This quarter,Prefer not to say,WhatsApp,Afternoon (1pm - 5pm),Bank has asked for audited financials for a working capital limit,Yes,LinkedIn,Website Chatbot,Complete,Contacted,2026-07-01,Neha Bansal,25500
LD053,2026-05-20,Swati Gupta,+91 937352786,swati.gupta@everline.co.in,Everline Healthcare,Partnership,Real Estate,Delhi,50L - 2Cr,Audit,Tax Audit u/s 44AB,SS0502,This month,"Have a CA, need a second opinion",Phone call,Evening (5pm - 8pm),"Turnover crossed 1 crore this year, told a tax audit applies",Yes,Walk-in,Phone Call,NA,Converted,2026-06-09,Satyam Gahoi,57000
LD054,2026-07-05,Sandeep Malhotra,+91 950173625,sandeep.malhotra@rivergate.co.in,Rivergate Solutions,LLP,Education,Delhi,Under 50L,Taxation,Income Tax Return Filing,SS0101,This month,"Have a CA, considering a switch",Email,Evening (5pm - 8pm),Two Form 16s this year plus freelance income,Yes,Referral,Website Chatbot,Complete,Lost,2026-07-31,Amit Verma,10000
LD055,2026-04-14,Anjali Gupta,+91 927378925,anjali.gupta@gmail.com,-,Individual / HUF,Professional Services,Greater Noida,NA (Individual),GST,GST Registration,SS0201,This quarter,Prefer not to say,WhatsApp,Afternoon (1pm - 5pm),"Starting e-commerce sales, told registration is mandatory",Yes,Website Direct,In Person,NA,Qualified,2026-04-27,Neha Bansal,4500
LD056,2026-08-20,Nikhil Jain,+91 973341427,nikhil.jain@halcyon.co.in,Halcyon Labs,Proprietorship,Retail & Trading,Noida,2Cr - 10Cr,Incorporation,LLP Registration,SS0402,This month,Prefer not to say,Phone call,Evening (5pm - 8pm),"Consultancy with three partners, wants limited liability",Yes,Google Search,Website Chatbot,Complete,Contacted,2026-09-08,Satyam Gahoi,15500
LD057,2026-06-20,Pooja Kapoor,+91 933530250,pooja.kapoor@northgate.co.in,Northgate Foods,Partnership,Healthcare,Ghaziabad,10Cr+,Incorporation,ROC Annual Filings,SS0403,This month,No CA currently,WhatsApp,Afternoon (1pm - 5pm),"Missed last year's ROC filing, worried about penalties",Yes,Website Direct,Website Chatbot,Complete,Qualified,2026-07-06,Neha Bansal,26500
LD058,2026-06-23,Aditya Sharma,+91 911130898,aditya.sharma@fernway.co.in,Fernway Healthcare,Proprietorship,Hospitality,Delhi,Under 50L,Incorporation,Private Limited / OPC Registration,SS0401,This month,No CA currently,WhatsApp,Afternoon (1pm - 5pm),"Comparing us against an online filing portal, asked why the fee differs",Yes,Google Search,Website Contact Form,NA,Lost,2026-07-18,Satyam Gahoi,18500
LD059,2026-06-20,Akash Chopra,+91 928618514,akash.chopra@meridian.co.in,Meridian Solutions,Partnership,Logistics,Noida,,Taxation,Income Tax Return Filing,SS0101,,,,,,No,Website Direct,Website Chatbot,Partial,Contacted,2026-07-14,Ritika Sharma,13500
LD060,2026-09-06,Karan Khanna,+91 923312986,karan.khanna@gmail.com,-,Individual / HUF,Professional Services,Noida,,Taxation,NRI Taxation & Capital Gains,SS0105,,,,,,No,Instagram,Website Chatbot,Partial,New,,,19000
LD061,2026-08-14,Deepak Bansal,+91 954476943,deepak.bansal@halcyon.co.in,Halcyon Enterprises,LLP,Logistics,Delhi,Under 50L,Incorporation,LLP Registration,SS0402,Immediate (deadline within 15 days),"Have a CA, need a second opinion",Email,Evening (5pm - 8pm),"Consultancy with three partners, wants limited liability",Yes,Website Direct,In Person,NA,Contacted,2026-08-15,Ritika Sharma,10000
LD062,2026-04-12,Manish Aggarwal,+91 945229128,manish.aggarwal@gmail.com,-,Individual / HUF,Professional Services,Greater Noida,,Audit,Tax Audit u/s 44AB,SS0502,,,,,,Yes,LinkedIn,Website Chatbot,Partial,New,,,35500
LD063,2026-05-23,Karan Khanna,+91 917226156,karan.khanna@northgate.co.in,Northgate Solutions,Private Limited,Education,Delhi,50L - 2Cr,Taxation,NRI Taxation & Capital Gains,SS0105,This quarter,Prefer not to say,WhatsApp,Afternoon (1pm - 5pm),"Selling inherited property, need TDS and capital gains handled",Yes,LinkedIn,In Person,NA,Qualified,2026-05-31,Ritika Sharma,27000
LD064,2026-08-16,Sunita Chopra,+91 958072154,sunita.chopra@ashwath.co.in,Ashwath Solutions,Proprietorship,Healthcare,Greater Noida,10Cr+,Incorporation,LLP Registration,SS0402,Just exploring,"Have a CA, need a second opinion",Phone call,Evening (5pm - 8pm),"Consultancy with three partners, wants limited liability",Yes,LinkedIn,Website Chatbot,Complete,Converted,2026-09-01,Satyam Gahoi,26500
LD065,2026-09-10,Gaurav Rastogi,+91 977314535,gaurav.rastogi@gmail.com,-,Individual / HUF,Professional Services,Gurugram,NA (Individual),Taxation,Income Tax Notices & Assessments,SS0104,Just exploring,"Have a CA, considering a switch",Email,Evening (5pm - 8pm),Scrutiny notice for AY 2024-25,Yes,Website Direct,Website Contact Form,NA,Converted,2026-09-15,Ritika Sharma,16500
LD066,2026-08-19,Neelam Kapoor,+91 996746144,neelam.kapoor@crestline.co.in,Crestline Exports,LLP,IT & Software,Ghaziabad,2Cr - 10Cr,GST,Monthly / Quarterly GST Returns,SS0202,This quarter,"Have a CA, need a second opinion",Phone call,Morning (10am - 1pm),"Multi-state registration, unsure how returns work",Yes,Instagram,Website Contact Form,NA,Converted,2026-09-02,Ritika Sharma,29500
LD067,2026-06-09,Nikhil Malhotra,+91 939080385,nikhil.malhotra@nimbus.co.in,Nimbus Ventures,Partnership,Retail & Trading,Delhi,Under 50L,Incorporation,LLP Registration,SS0402,Just exploring,"Have a CA, need a second opinion",Phone call,Evening (5pm - 8pm),Asked whether LLP or Pvt Ltd is better for a services business,Yes,Google Search,Website Chatbot,Complete,Qualified,2026-06-12,Ritika Sharma,11000
LD068,2026-04-04,Swati Arora,+91 912920064,swati.arora@nimbus.co.in,Nimbus Enterprises,Private Limited,Professional Services,Delhi,Under 50L,Incorporation,Startup India Recognition,SS0405,Immediate (deadline within 15 days),"Have a CA, considering a switch",WhatsApp,Morning (10am - 1pm),Wants DPIIT recognition for the tax holiday,Yes,Website Direct,Website Chatbot,Complete,Converted,2026-04-21,Amit Verma,18500
LD069,2026-04-21,Preeti Bansal,+91 968412227,preeti.bansal@terrace.co.in,Terrace Labs,Partnership,Education,Ghaziabad,Under 50L,Virtual CFO,Business Valuation,SS0602,Just exploring,Prefer not to say,WhatsApp,Morning (10am - 1pm),"Issuing ESOPs, need a valuation certificate",Yes,Website Direct,Website Contact Form,NA,Qualified,2026-05-18,Neha Bansal,38000
LD070,2026-06-05,Deepak Rastogi,+91 939719511,deepak.rastogi@mandala.co.in,Mandala Technologies,Private Limited,Real Estate,Greater Noida,Under 50L,Virtual CFO,Business Valuation,SS0602,This month,"Have a CA, need a second opinion",WhatsApp,Evening (5pm - 8pm),"Issuing ESOPs, need a valuation certificate",Yes,Website Direct,Website Chatbot,Complete,New,,,38500
LD071,2026-04-23,Manish Sethi,+91 964267952,manish.sethi@gmail.com,-,Individual / HUF,Professional Services,Greater Noida,NA (Individual),GST,ITC Review & GST Litigation Support,SS0205,This month,"Have a CA, considering a switch",WhatsApp,Morning (10am - 1pm),"Show cause notice received, needs representation",Yes,Website Direct,Phone Call,NA,Qualified,2026-05-14,Amit Verma,23000
LD072,2026-05-30,Tarun Chopra,+91 983253444,tarun.chopra@kalpvriksh.co.in,Kalpvriksh Enterprises,Private Limited,IT & Software,Faridabad,50L - 2Cr,Incorporation,Private Limited / OPC Registration,SS0401,This month,No CA currently,WhatsApp,Morning (10am - 1pm),"Comparing us against an online filing portal, asked why the fee differs",Yes,Google Search,Website Chatbot,Complete,Contacted,2026-06-26,Neha Bansal,19500
LD073,2026-09-12,Rahul Sharma,+91 974295910,rahul.sharma@ironwood.co.in,Ironwood Retail,Proprietorship,Logistics,Greater Noida,2Cr - 10Cr,Taxation,NRI Taxation & Capital Gains,SS0105,Just exploring,"Have a CA, need a second opinion",Email,Evening (5pm - 8pm),"Selling inherited property, need TDS and capital gains handled",Yes,Referral,Website Contact Form,NA,Contacted,2026-09-15,Amit Verma,28000
LD074,2026-09-10,Meera Khanna,+91 974416512,meera.khanna@saarthi.co.in,Saarthi Logistics,Private Limited,Retail & Trading,Delhi,10Cr+,Bookkeeping,Monthly Books Closure,SS0301,Immediate (deadline within 15 days),"Have a CA, considering a switch",Email,Afternoon (1pm - 5pm),"Currently on spreadsheets, want to move to proper books",Yes,Referral,Website Chatbot,Complete,Contacted,2026-09-15,Neha Bansal,77500
LD075,2026-04-16,Divya Malhotra,+91 985999753,divya.malhotra@everline.co.in,Everline Systems,Proprietorship,Logistics,Ghaziabad,50L - 2Cr,GST,Monthly / Quarterly GST Returns,SS0202,This month,No CA currently,Email,Evening (5pm - 8pm),"Multi-state registration, unsure how returns work",Yes,LinkedIn,Website Chatbot,Complete,New,,,25500
LD076,2026-06-25,Gaurav Kapoor,+91 987985707,gaurav.kapoor@quill.co.in,Quill Exports,LLP,Retail & Trading,Delhi,2Cr - 10Cr,Virtual CFO,Investor & MIS Reporting,SS0604,This quarter,"Have a CA, considering a switch",Phone call,Evening (5pm - 8pm),"Investors want monthly MIS, we send them a spreadsheet nobody reads",Yes,Instagram,In Person,NA,Qualified,2026-07-18,Satyam Gahoi,97000
LD077,2026-04-14,Varun Mehta,+91 980957760,varun.mehta@pinewood.co.in,Pinewood Traders,Partnership,E-commerce & D2C,Ghaziabad,50L - 2Cr,Bookkeeping,Monthly Books Closure,SS0301,This month,Prefer not to say,WhatsApp,Morning (10am - 1pm),"Currently on spreadsheets, want to move to proper books",Yes,Referral,Phone Call,NA,New,,,43500
LD078,2026-04-08,Priya Arora,+91 942233354,priya.arora@vertex.co.in,Vertex Infra,Proprietorship,Professional Services,Gurugram,,Incorporation,Private Limited / OPC Registration,SS0401,,,,,,Yes,LinkedIn,Website Chatbot,Partial,Lost,2026-04-26,Ritika Sharma,12500
LD079,2026-09-13,Ananya Singh,+91 976072980,ananya.singh@shubham.co.in,Shubham Systems,Private Limited,Retail & Trading,Ghaziabad,2Cr - 10Cr,Audit,Due Diligence,SS0505,This month,Prefer not to say,Phone call,Afternoon (1pm - 5pm),"Investor doing diligence on us, need our side prepared",Yes,Google Search,Phone Call,NA,Qualified,2026-09-14,Amit Verma,90500
LD080,2026-05-19,Ananya Sharma,+91 925398544,ananya.sharma@gmail.com,-,Individual / HUF,Professional Services,Noida,NA (Individual),Taxation,Advance Tax Planning,SS0102,This month,Prefer not to say,WhatsApp,Afternoon (1pm - 5pm),"Paid interest under 234B last year, want to plan quarterly this time",Yes,Walk-in,Website Chatbot,Complete,Contacted,2026-06-16,Ritika Sharma,10500
